network,GT
network1,92.83748542220147
network2,95.53701863818605
network3,94.89306046446427
network4,95.18298055565043
network5,94.18054562785807
network6,94.99109953055255
network7,93.22341023097323
network8,93.83830663483086
network9,91.67795722591933
network10,90.57978791636971
network11,83.60838477626535
