network,average,overlapping
network1,94.97463996423629,1255
network2,97.95615069591905,1195
network3,97.30056547396748,1267
network4,97.9322273330159,1534
network5,97.5658612586698,1378
network6,97.60849169910463,1350
network7,97.5873809135501,1293
network8,97.57697141254354,1250
network9,97.62641448917448,1270
network10,97.65132233232694,1267
network11,97.76162772830645,1156
