networks,GT
network1,93.65201775485043
network2,93.94750625959954
network3,92.5937519391692
network4,94.65559146636834
network5,93.3876426336958
network6,93.79927449637111
network7,93.30390544221726
network8,89.95344755563326
network9,89.67753787494303
network10,96.48936170212667
network11,96.08062709966316
