networks,average, overlapping
network1,96.86013662214145, 74
network2,96.81150064445146, 66  
network3,96.86510998550675, 73
network4,96.88304501253992, 74
network5,96.86878626635584, 75
network6,96.56867313822895, 72
network7,96.56152358304553, 78
network8,95.82593708350541, 69
network9,96.52323196998697, 60
network10,96.12749946630505, 58
network11,92.51761360196292, 51
